{"cameraMode":{"drawMode":0,"name":"Shaded","section":"Shading Mode"},"sceneLighting":true,"audioPlay":false,"sceneViewState":{"m_AlwaysRefresh":false,"showFog":true,"showSkybox":true,"showFlares":true,"showImageEffects":true,"showParticleSystems":true,"showVisualEffectGraphs":true,"m_FxEnabled":false},"in2DMode":false,"pivot":{"x":100.1120834350586,"y":6.715084075927734,"z":25.883403778076173},"rotation":{"x":0.10011529922485352,"y":0.08194362372159958,"z":-0.020110566169023515,"w":0.9934483766555786},"size":36.8381233215332,"orthographic":false}